author,commit_count,range
Unknown,2895,2000+
ogrisel,2504,2000+
amueller,2052,2000+
GaelVaroquaux,1781,1001-2000
larsmans,1262,1001-2000
agramfort,1085,1001-2000
glouppe,936,501-1000
thomasjpfan,907,501-1000
pprett,860,501-1000
mblondel,779,501-1000
vene,775,501-1000
jnothman,775,501-1000
glemaitre,604,501-1000
arjoly,580,501-1000
lesteve,475,201-500
jeremiedbb,406,201-500
jaquesgrobler,362,201-500
jakevdp,346,201-500
MechCoder,313,201-500
qinhanmin2014,264,201-500
adrinjalali,259,201-500
NicolasHug,250,201-500
NelleV,234,201-500
robertlayton,233,201-500
bdholt1,186,101-200
lucyleeow,143,101-200
ndawe,142,101-200
raghavrv,140,101-200
scikit-learn-bot,138,101-200
ahojnnes,137,101-200
rth,134,101-200
lorentzenchr,134,101-200
jjerphan,132,101-200
TomDLT,113,101-200
weilinear,109,101-200
cmarmo,105,101-200
Charlie-XIAO,104,101-200
clayw,103,101-200
kemaleren,100,101-200
oddskool,95,51-100
AlexanderFabisch,92,51-100
alextp,87,51-100
bthirion,85,51-100
VirgileFritsch,82,51-100
alfaro96,82,51-100
dsullivan7,82,51-100
hamsal,82,51-100
betatim,80,51-100
Micky774,79,51-100
ibayer,72,51-100
ArturoAmorQ,69,51-100
genvalen,64,51-100
FlorianWilhelm,63,51-100
ronw,63,51-100
jmloyola,61,51-100
OmarManzoor,61,51-100
satra,58,51-100
maheshakya,58,51-100
StefanieSenger,52,51-100
mjbommar,51,51-100
franslarsson,49,26-50
nelson-liu,49,26-50
rprkh,47,26-50
yarikoptic,46,26-50
Tialo,44,26-50
kastnerkyle,42,26-50
hlin117,41,26-50
conradlee,39,26-50
marenwestermann,39,26-50
Titan-C,38,26-50
cbrnr,38,26-50
NicolasTr,38,26-50
paolo-losi,38,26-50
zaxtax,37,26-50
MaxwellLZH,36,26-50
yenchenlin,35,26-50
chyikwei,35,26-50
untom,35,26-50
trevorstephens,34,26-50
lucidfrontier45,34,26-50
duchesnay,34,26-50
maikia,33,26-50
albertcthomas,33,26-50
alexis-mignon,32,26-50
pgervais,32,26-50
adam2392,31,26-50
jorisvandenbossche,31,26-50
kmike,31,26-50
eickenberg,30,26-50
DimitriPapadopoulos,30,26-50
JeanKossaifi,30,26-50
stefmolin,29,26-50
yuanx749,29,26-50
jaberg,27,26-50
jakirkham,26,26-50
michigraber,25,26-50
jiawei-zhang-a,24,11-25
bharatr21,23,11-25
Higgs32584,23,11-25
syhw,23,11-25
alexhenrie,22,11-25
pberkes,22,11-25
reshamas,22,11-25
dwf,21,11-25
chkoar,21,11-25
Balu-Varanasi,21,11-25
sameshl,21,11-25
nmayorov,21,11-25
dnouri,20,11-25
justinvf,19,11-25
aymas,19,11-25
mvdoc,19,11-25
Vincent-Maladiere,19,11-25
vinayak-mehta,19,11-25
ngoix,19,11-25
rasbt,19,11-25
azihna,18,11-25
wdevazelhes,18,11-25
tguillemot,18,11-25
yanlend,18,11-25
AWinterman,18,11-25
davidgilbertson,18,11-25
erg,18,11-25
star1327p,18,11-25
davidmarek,17,11-25
tjanez,17,11-25
perimosocordiae,17,11-25
smoitra87,17,11-25
fabianp,17,11-25
venkyyuvy,17,11-25
osdf,17,11-25
naoyak,17,11-25
massich,16,11-25
ChVeen,16,11-25
s8wu,16,11-25
akshayah3,16,11-25
EdAbati,16,11-25
albertvillanova,16,11-25
baam25simo,16,11-25
dalmia,15,11-25
vighneshbirodkar,15,11-25
RMeli,15,11-25
sergeyf,15,11-25
kianelbo,14,11-25
themrmax,14,11-25
awinml,14,11-25
mathurinm,14,11-25
yamins81,14,11-25
remyleone,14,11-25
kernc,13,11-25
Mathews-Tom,13,11-25
DatenBiene,13,11-25
xuefeng-xu,13,11-25
oleksandr-pavlyk,13,11-25
tomMoral,13,11-25
sortofamudkip,13,11-25
rlmv,13,11-25
devashishd12,13,11-25
ldirer,13,11-25
kno10,13,11-25
invalid-email-address,13,11-25
ZeeshanLone,13,11-25
jeromedockes,12,11-25
taehoonlee,12,11-25
fcharras,12,11-25
kyleabeauchamp,12,11-25
SangamSwadiK,12,11-25
alexitkes,12,11-25
thechargedneutron,12,11-25
justmarkham,12,11-25
johannah,11,11-25
kanissh,11,11-25
olologin,11,11-25
embandera,11,11-25
djsutherland,11,11-25
siavrez,11,11-25
ClimbsRocks,11,11-25
glevv,11,11-25
chritter,11,11-25
amy12xx,11,11-25
mrjbq7,11,11-25
maniteja123,11,11-25
bwignall,11,11-25
Naereen,11,11-25
danifernandes-hub,11,11-25
work-mohit,11,11-25
coreylynch,10,11-25
jrbourbeau,10,11-25
b0noI,10,11-25
mrshu,10,11-25
EricEllwanger,10,11-25
rishikksh20,10,11-25
jmschrei,10,11-25
MarcoGorelli,10,11-25
JohnBoersma,10,11-25
madhuracj,10,11-25
Jim-Holmstroem,10,11-25
npinto,10,11-25
jblackburne,10,11-25
dubourg,10,11-25
ShanDeng123,9,6-10
haiatn,9,6-10
fzalkow,9,6-10
g4brielvs,9,6-10
ROMEEZHOU,9,6-10
aashil,9,6-10
cgsavard,9,6-10
duckworthd,9,6-10
fcostin,9,6-10
herilalaina,9,6-10
fkdosilovic,8,6-10
artsobolev,8,6-10
maskani-moh,8,6-10
smarie,8,6-10
agamemnonc,8,6-10
xuewei4d,8,6-10
rmcgibbo,8,6-10
eltermann,8,6-10
gxyd,8,6-10
mandjevant,8,6-10
ajschumacher,8,6-10
AlexisMignon,8,6-10
hsuantien,8,6-10
btabibian,8,6-10
hugobowne,8,6-10
haochunchang,8,6-10
hbredin,8,6-10
hongshaoyang,8,6-10
zjpoh,8,6-10
SebastinSanty,8,6-10
EmilyXinyi,8,6-10
simonamaggio,7,6-10
vitaliset,7,6-10
willingc,7,6-10
ankit-maverick,7,6-10
2357juan,7,6-10
FedericoV,7,6-10
fannix,7,6-10
Nwanna-Joseph,7,6-10
OlehKSS,7,6-10
Jeffrey04,7,6-10
dubstack,7,6-10
WeatherGod,7,6-10
ihaque,7,6-10
almet,7,6-10
AmarCodes-22,7,6-10
hrishikeshio,7,6-10
johannfaouzi,7,6-10
josephsalmon,7,6-10
jwkvam,7,6-10
lamdang2k,7,6-10
lmcinnes,7,6-10
mani2106,7,6-10
mlondschien,7,6-10
mth4saurabh,7,6-10
nixphix,7,6-10
njwilson,7,6-10
buma,7,6-10
nuka137,7,6-10
rgommers,7,6-10
bcajes,6,6-10
harupy,6,6-10
sdegryze,6,6-10
VarIr,6,6-10
rushabh-v,6,6-10
mohaseeb,6,6-10
ilam,6,6-10
waterponey,6,6-10
Ankit810,6,6-10
sadakmed,6,6-10
lopusz,6,6-10
sergulaydore,6,6-10
ojoaomorais,6,6-10
PSSF23,6,6-10
dohmatob,6,6-10
tnunes,6,6-10
tirthasheshpatel,6,6-10
cli248,6,6-10
MaximSmolskiy,6,6-10
sabba,6,6-10
larsoner,6,6-10
Shreesha3112,6,6-10
linus-md,6,6-10
aabadie,6,6-10
mtsokol,6,6-10
iasoon,6,6-10
richardt94,6,6-10
galv,6,6-10
punndcoder28,6,6-10
avm19,6,6-10
janvanrijn,6,6-10
muokicaleb,6,6-10
zadilkhwaja,6,6-10
jpangas,6,6-10
b-carter,5,6-10
Sentient07,5,6-10
Iglesys347,5,6-10
sseg,5,6-10
sergiopasra,5,6-10
Attractadore,5,6-10
brendanlu,5,6-10
samronsin,5,6-10
MarieS-WiMLDS,5,6-10
mbillingr,5,6-10
ageron,5,6-10
Batalex,5,6-10
chang,5,6-10
crispinlogan,5,6-10
rusdes,5,6-10
ckastner,5,6-10
bmaisonn,5,6-10
pianomania,5,6-10
ankishb,5,6-10
cgohlke,5,6-10
daien,5,6-10
rickiepark,5,6-10
hs-nazuna,5,6-10
SarahRemus,5,6-10
lobpcg,5,6-10
greyisbetter,5,6-10
lodurality,5,6-10
jsilke,5,6-10
mattilyra,5,6-10
lorentzbao,5,6-10
abatula,5,6-10
miguelcsilva,5,6-10
minggli,5,6-10
wangz10,5,6-10
raulgarreta,5,6-10
blagarde,5,6-10
luispedro,5,6-10
kaichogami,5,6-10
emmanuelle,5,6-10
TamaraAtanasoska,5,6-10
vrishank97,5,6-10
Pinky-Chaudhary,5,6-10
acganesh,5,6-10
Jitensid,5,6-10
pierreglaser,5,6-10
jkarno,5,6-10
minghui-liu,5,6-10
nealchau,5,6-10
rajatkhanduja,5,6-10
vivekk0903,5,6-10
martinoywa,5,6-10
DeaMariaLeon,5,6-10
Aerlinger,5,6-10
zitorelova,5,6-10
cmd-ntrf,5,6-10
alexshacked,5,6-10
astaric,5,6-10
dmitrylala,5,6-10
svenstehle,5,6-10
musically-ut,5,6-10
Shivachauhan17,4,0-5
pignacio,4,0-5
pooja-subramaniam,4,0-5
postmalloc,4,0-5
proinsias,4,0-5
qdeffense,4,0-5
gloriamacia,4,0-5
queqichao,4,0-5
ajtulloch,4,0-5
TomAugspurger,4,0-5
rand0wn,4,0-5
reiinakano,4,0-5
ycjuan,4,0-5
MaggieChege,4,0-5
cdrig,4,0-5
hrjn,4,0-5
rossbar,4,0-5
ShehanAT,4,0-5
rtlee9,4,0-5
rubywerman,4,0-5
saketkc,4,0-5
samuelstjean,4,0-5
ApproximateIdentity,4,0-5
samwaterbury,4,0-5
aflaxman,4,0-5
f0k,4,0-5
didibz,4,0-5
sdenton4,4,0-5
sdpython,4,0-5
sebp,4,0-5
shellyfung,4,0-5
Safikh,4,0-5
SamAdamDay,4,0-5
shivamgargsya,4,0-5
david-cortes,4,0-5
simonandras,4,0-5
apw,4,0-5
spikebh,4,0-5
SylvainLan,4,0-5
briancheung,4,0-5
sply88,4,0-5
CaMeLCa5e,4,0-5
srivatsan-ramesh,4,0-5
staubda,4,0-5
superbobry,4,0-5
bryandeng,4,0-5
Erotemic,4,0-5
takoika,4,0-5
ClaudioSalvatoreArcidiacono,4,0-5
thouis,4,0-5
bellet,4,0-5
arthurmensch,4,0-5
toastedcornflakes,4,0-5
btel,4,0-5
aditya1702,4,0-5
aboucaud,4,0-5
Diadochokinetic,4,0-5
vincentpham1991,4,0-5
dlitsidis,4,0-5
vreyespue,4,0-5
TakingItCasual,4,0-5
jhlegarreta,4,0-5
xavierbeltran,4,0-5
adamjstewart,4,0-5
zhaofeng-shu33,4,0-5
zhengruifeng,4,0-5
achab,4,0-5
LSturtew,4,0-5
jaglima,4,0-5
jrfiedler,4,0-5
jseabold,4,0-5
judithabk6,4,0-5
kcarnold,4,0-5
kgeis,4,0-5
kgilliam125,4,0-5
kjacks21,4,0-5
krishnakalyan3,4,0-5
kwinata,4,0-5
KamalakerDadi,4,0-5
cjauvin,4,0-5
chrisyeh96,4,0-5
fishcorn,4,0-5
guyrt,4,0-5
lrjball,4,0-5
alinealfa,4,0-5
manu-chroma,4,0-5
marctorsoc,4,0-5
avigupta2612,4,0-5
JarnoRFB,4,0-5
mbatchkarov,4,0-5
melemo2,4,0-5
JPFrancoia,4,0-5
PGryllos,4,0-5
mlant,4,0-5
mohamed-ali,4,0-5
mrbeann,4,0-5
isaacknjama,4,0-5
pedugnat,4,0-5
harsh020,4,0-5
IshankGulati,4,0-5
nilichen,4,0-5
alexandercbooth,4,0-5
chaitanyamogal,4,0-5
Tech-Netiums,4,0-5
partev,4,0-5
he7d3r,4,0-5
HashCode55,4,0-5
StevenMaude,3,0-5
deniederhut,3,0-5
MDouriez,3,0-5
dependabot[bot],3,0-5
lmichelbacher,3,0-5
copyconstruct,3,0-5
Abdur-rahmaanJ,3,0-5
bnaul,3,0-5
emsrc,3,0-5
yarkhinephyo,3,0-5
anntzer,3,0-5
Ultramann,3,0-5
yiyangq,3,0-5
StrikerRUS,3,0-5
bhargav,3,0-5
Valentin-Laurent,3,0-5
VathsalaAchar,3,0-5
Veghit,3,0-5
borjaayerdi,3,0-5
iofall,3,0-5
edenies,3,0-5
gbolmier,3,0-5
SabriDW,3,0-5
brendo-k,3,0-5
XavierSATTLER,3,0-5
Ben3940,3,0-5
BenjaminBossan,3,0-5
fabio-t,3,0-5
ianozsvald,3,0-5
gclenaghan,3,0-5
ingrid88,3,0-5
CatChenal,3,0-5
davidrobles,3,0-5
bsilverthorn,3,0-5
bsipocz,3,0-5
abbiepopa,3,0-5
arisayosh,3,0-5
abhinavsagar,3,0-5
abhishekkrthakur,3,0-5
DanilBaibak,3,0-5
fbchow,3,0-5
fbidu,3,0-5
banilo,3,0-5
i-aki-y,3,0-5
combscCode,3,0-5
jmmcd,3,0-5
dengemann,3,0-5
imaculate,3,0-5
LakshKD,3,0-5
gustavo-ren,3,0-5
raybellwaves,3,0-5
rebekahkim,3,0-5
ohld,3,0-5
ashah002,3,0-5
mbatoul,3,0-5
barrycg,3,0-5
ltiao,3,0-5
ixjlyons,3,0-5
maykulkarni,3,0-5
rlms,3,0-5
cdeil,3,0-5
airalcorn2,3,0-5
dpoznik,3,0-5
rod-rom,3,0-5
ronnix,3,0-5
NickleDave,3,0-5
biprateep,3,0-5
orenmn,3,0-5
lithomas1,3,0-5
maxcopeland,3,0-5
rubik,3,0-5
icoder18,3,0-5
j3nnn1,3,0-5
kwgoodman,3,0-5
fujiaxiang,3,0-5
kstoneriv3,3,0-5
ksslng,3,0-5
saiwing-yeung,3,0-5
atsetoglou,3,0-5
kronosapiens,3,0-5
kpysniak,3,0-5
moutai,3,0-5
pavopax,3,0-5
Framartin,3,0-5
matiasrvazquez,3,0-5
scottclowe,3,0-5
kohakukun,3,0-5
Henley13,3,0-5
sdicker8,3,0-5
naman1608,3,0-5
seberg,3,0-5
pestrickland,3,0-5
Flimm,3,0-5
kluangkote,3,0-5
kirillbobyrev,3,0-5
jarrodmillman,3,0-5
phausamann,3,0-5
FarahSaeed,3,0-5
sidgupta234,3,0-5
chenhe95,3,0-5
jamestwebber,3,0-5
kiote,3,0-5
ericjster,3,0-5
souravsingh,3,0-5
mghah,3,0-5
atharvapatil123,3,0-5
poorna-kumar,3,0-5
KenitoInc,3,0-5
sshleifer,3,0-5
kesshijordan,3,0-5
nnadeau,3,0-5
stefanv,3,0-5
Eschivo,3,0-5
steinfurt,3,0-5
stephen-hoover,3,0-5
Johayon,3,0-5
eamanu,3,0-5
praths007,3,0-5
tacaswell,3,0-5
artiemq,3,0-5
nok,3,0-5
kcetina-fujitsu,3,0-5
ElDeveloper,3,0-5
MrinalTyagi,3,0-5
cangermueller,3,0-5
pspachtholz,3,0-5
kaushik94,3,0-5
mabelvj,3,0-5
tkamishima,3,0-5
andreanr,3,0-5
purna135,3,0-5
kasmith11,3,0-5
tommyod,3,0-5
qbarthelemy,3,0-5
muradsalahi,3,0-5
tttthomasssss,3,0-5
tuscland,3,0-5
twosigmajab,3,0-5
glennq,3,0-5
varunkumar-dev,3,0-5
veerlosar,3,0-5
cverrier,3,0-5
hhnnhh,3,0-5
verakye,3,0-5
victoirelouis,3,0-5
Diwakar-Gupta,3,0-5
norbusan,3,0-5
mfeurer,3,0-5
viniciusriosfuck,3,0-5
jfraj,3,0-5
kanielc,3,0-5
vnavkal,3,0-5
qmick,3,0-5
kain88-de,3,0-5
vruusmann,3,0-5
wallygauze,3,0-5
jaketae,3,0-5
henrymooresc,3,0-5
jcusick13,3,0-5
joshuacwnewton,3,0-5
wesbarnett,3,0-5
r-build,3,0-5
Dev514,3,0-5
x110,3,0-5
fhoang7,3,0-5
m-maggi,3,0-5
yupbank,3,0-5
joshloyal,3,0-5
DennisOsei,3,0-5
zdgriffith,3,0-5
zempleni,3,0-5
alceballosa,3,0-5
randomgeek78,3,0-5
joonazzz,3,0-5
acharles7,3,0-5
zorroblue,3,0-5
johncollins,3,0-5
Akshay0724,3,0-5
jackzyliu,3,0-5
AlexandreAbraham,3,0-5
GuillemGSubies,3,0-5
tspeng,3,0-5
likang7,2,0-5
albuzenet,2,0-5
Icyshaman,2,0-5
ljwolf,2,0-5
lmatthieu,2,0-5
chalmerlowe,2,0-5
harrymvr,2,0-5
hossein-pourbozorg,2,0-5
loganthomas,2,0-5
finnoshea,2,0-5
J-A16,2,0-5
alexlenail,2,0-5
louridas,2,0-5
lqdc,2,0-5
dstine,2,0-5
lschwetlick,2,0-5
JanFidor,2,0-5
ducanne,2,0-5
JesperDramsch,2,0-5
JihaneBennis,2,0-5
luxedo,2,0-5
m-clare,2,0-5
fkaren27,2,0-5
choo8,2,0-5
choudharynishu,2,0-5
chrisgorgo,2,0-5
flaviomorelli,2,0-5
makokal,2,0-5
christianbraune79,2,0-5
gustavodemari,2,0-5
houbysoft,2,0-5
mansi1597,2,0-5
dzisandy,2,0-5
map222,2,0-5
fortune-uwha,2,0-5
clemkoa,2,0-5
marielledado,2,0-5
martin-hahn,2,0-5
martin-kokos,2,0-5
martin0258,2,0-5
martinagvilas,2,0-5
cliffordEmmanuel,2,0-5
clmbst,2,0-5
Kislovskiy,2,0-5
mathieu-sabatier,2,0-5
KjellSwedin,2,0-5
Kshitij68,2,0-5
matthew-brett,2,0-5
giorgiop,2,0-5
gitdoluquita,2,0-5
LalliAcqua,2,0-5
andrewclegg,2,0-5
francoisgoupil,2,0-5
hasan-yaman,2,0-5
connortann,2,0-5
mdbecker,2,0-5
meetnaren,2,0-5
mekman,2,0-5
angelaambroz,2,0-5
eddiebergman,2,0-5
anguswilliams91,2,0-5
mheilman,2,0-5
michaelmccutchen,2,0-5
michalkrawczyk,2,0-5
michen00,2,0-5
cool-RR,2,0-5
midinas,2,0-5
Lothiraldan,2,0-5
mikeaalv,2,0-5
mikebenfield,2,0-5
LucijaGregov,2,0-5
MAnyKey,2,0-5
mitar,2,0-5
MLopez-Ibanez,2,0-5
mjkanji,2,0-5
mk-kang1,2,0-5
mkrump,2,0-5
MMKrell,2,0-5
cournape,2,0-5
mloning,2,0-5
ansamz,2,0-5
MalteKurz,2,0-5
anshbansal,2,0-5
mpoemsl,2,0-5
mrastgoo,2,0-5
cozek,2,0-5
edran,2,0-5
mroeschke,2,0-5
Mariam-ke,2,0-5
mspacek,2,0-5
MarkyV,2,0-5
mthorrell,2,0-5
fridiculous,2,0-5
aperezlebel,2,0-5
crflynn,2,0-5
murata-yu,2,0-5
frrad,2,0-5
ariddell,2,0-5
Mbompr,2,0-5
naoise-h,2,0-5
efiegel,2,0-5
naozin555,2,0-5
glennfrutiz,2,0-5
fsav,2,0-5
neerajgangwar,2,0-5
neinkeinkaffee,2,0-5
csytracy,2,0-5
MikiPWata,2,0-5
nihal-rao,2,0-5
nik1097,2,0-5
nikitasingh981,2,0-5
arnaudstiegler,2,0-5
nithish08,2,0-5
egndz,2,0-5
Mottl,2,0-5
ftorres16,2,0-5
NarineK,2,0-5
noashin,2,0-5
dachosen1,2,0-5
elabongaatuo,2,0-5
norvan,2,0-5
notmatthancock,2,0-5
novaya,2,0-5
dakotagrusak,2,0-5
nsheth12,2,0-5
dan-blanchard,2,0-5
nymarkkho,2,0-5
nzw0301,2,0-5
NoonienSoong,2,0-5
OFlanagan,2,0-5
ohadmich,2,0-5
ohe,2,0-5
asnt,2,0-5
asubramaniyan,2,0-5
Olle-Lukowski,2,0-5
elliott2081,2,0-5
olszewskip,2,0-5
smith558,2,0-5
PierreAttard,2,0-5
QuadV,2,0-5
emarkou,2,0-5
pardeep-singh,2,0-5
daphn3k,2,0-5
RamyaNP,2,0-5
darioka,2,0-5
Reddragonemperor58,2,0-5
Reksbril,2,0-5
RenTrieu,2,0-5
emdupre,2,0-5
Rick-Mackenbach,2,0-5
emirkmo,2,0-5
hristog,2,0-5
pibieta,2,0-5
RowanMankoo,2,0-5
pierretallotte,2,0-5
ephes,2,0-5
pinakinathc,2,0-5
plgreenLIRU,2,0-5
pmarko1711,2,0-5
gpapadok,2,0-5
bdpedigo,2,0-5
SandroEph,2,0-5
beatrizsmg,2,0-5
pratapvardhan,2,0-5
SaurabhJha,2,0-5
pravarmahajan,2,0-5
davidthaler,2,0-5
Scowley4,2,0-5
psteinb,2,0-5
puhuk,2,0-5
ShisuiUzumaki,2,0-5
Shooter23,2,0-5
putschblos,2,0-5
Shree7676,2,0-5
Shuyib,2,0-5
benlawson,2,0-5
berkecanrizai,2,0-5
hnykda,2,0-5
SinghAnkur28,2,0-5
SirR4T,2,0-5
raisadz,2,0-5
raj-pulapakura,2,0-5
erodrago,2,0-5
rajdeepd,2,0-5
rajendraarora16,2,0-5
bfgray3,2,0-5
Sriharsha-hatwar,2,0-5
gamazeps,2,0-5
deeplook,2,0-5
ravicodelabs,2,0-5
bijilsubhash,2,0-5
deepyaman,2,0-5
recamshak,2,0-5
TahiriNadia,2,0-5
biswaroopmitra,2,0-5
hammer,2,0-5
TheBicPen,2,0-5
rhelmeczi,2,0-5
ricardojnf,2,0-5
TheisFerre,2,0-5
richford,2,0-5
rick2047,2,0-5
garyForeman,2,0-5
iArunava,2,0-5
rjuer,2,0-5
iansan5653,2,0-5
ikeadeoyin,2,0-5
indecisiveuser,2,0-5
rmenuet,2,0-5
invisibleroads,2,0-5
robertwb,2,0-5
irene000,2,0-5
rodneyosodo,2,0-5
rolisz,2,0-5
romanlutz,2,0-5
101AlexMartin,2,0-5
it176131,2,0-5
ivirshup,2,0-5
Ti-Ion,2,0-5
rsivapr,2,0-5
j2heng,2,0-5
bmcfee,2,0-5
Timsaur,2,0-5
AWNystrom,2,0-5
jacquerie,2,0-5
xun-tang,2,0-5
ryanyu9,2,0-5
s-banach,2,0-5
xyguo,2,0-5
yagi-3,2,0-5
ethanwhite,2,0-5
jalexand3r,2,0-5
TwsThomas,2,0-5
sakinaOuisrani,2,0-5
yashika51,2,0-5
bodhwani,2,0-5
jarfa,2,0-5
boraxpr,2,0-5
jasonjg,2,0-5
sbehren,2,0-5
jasonlaska,2,0-5
scls19fr,2,0-5
jatinshah,2,0-5
scottgigante,2,0-5
scouvreur,2,0-5
yl565,2,0-5
Valavanca,2,0-5
jdoepfert,2,0-5
jdwittenauer,2,0-5
seanbenhur,2,0-5
jeff-mettel,2,0-5
yml,2,0-5
seowyanyi,2,0-5
ezebunandu,2,0-5
sergeyk,2,0-5
jess010,2,0-5
Aravindh-Raju,2,0-5
shawpan,2,0-5
shaz13,2,0-5
she-dares,2,0-5
ArthDh,2,0-5
AssiaBen,2,0-5
shogohida,2,0-5
shrankhla20,2,0-5
brcharron,2,0-5
sid-kap,2,0-5
fabianegli,2,0-5
siftikha,2,0-5
simon-pepin,2,0-5
Badr-MOUFAD,2,0-5
brenolf,2,0-5
sinhrks,2,0-5
sjtrny,2,0-5
skeller88,2,0-5
paulo-smcs,2,0-5
dillongardner,2,0-5
smujjiga,2,0-5
snath-xoc,2,0-5
jmwoloso,2,0-5
jnhansen,2,0-5
BasilBeirouti,2,0-5
joclement,2,0-5
YS-L,2,0-5
srvanrell,2,0-5
Yinglr,2,0-5
Blaizzy,2,0-5
jona-sassenhagen,2,0-5
Bncer,2,0-5
stefan-matcovici,2,0-5
jorahn,2,0-5
hannawallach,2,0-5
joseortiz3,2,0-5
stellalin7,2,0-5
stepan-srsen,2,0-5
YuliaZamriy,2,0-5
strivn,2,0-5
facaiy,2,0-5
brigitteunger,2,0-5
syashakash,2,0-5
Carreau,2,0-5
sylvinus,2,0-5
symeneses,2,0-5
jpienaar-tuks,2,0-5
brownsarahm,2,0-5
CaselIT,2,0-5
tataganesh,2,0-5
temporaer,2,0-5
terencehonles,2,0-5
jschendel,2,0-5
thatgeeman,2,0-5
CeeThinwa,2,0-5
Zhdanovich,2,0-5
theoptips,2,0-5
jstriebel,2,0-5
juanfe88,2,0-5
tianchuliang,2,0-5
timbicker,2,0-5
timvink,2,0-5
gszpak,2,0-5
CloseChoice,2,0-5
bsun94,2,0-5
tnakae,2,0-5
dkirkby,2,0-5
tnwei,2,0-5
ka00ri,2,0-5
tolaa001,2,0-5
dkobak,2,0-5
DerWeh,2,0-5
tracer0tong,2,0-5
trbedwards,2,0-5
DhanshreeA,2,0-5
kanikas3,2,0-5
ttang131,2,0-5
dmohns,2,0-5
tuhinsharma121,2,0-5
tuliocasagrande,2,0-5
karen-pal,2,0-5
caioaao,2,0-5
tzano,2,0-5
ugurcaliskan,2,0-5
calvingiles,2,0-5
urvang96,2,0-5
vachanda,2,0-5
varunagrawal,2,0-5
katarinaslama,2,0-5
kathyxchen,2,0-5
katrinleinweber,2,0-5
dohrisalim,2,0-5
dokato,2,0-5
htsedebenham,2,0-5
georgipeev,2,0-5
catajara,2,0-5
happilyeverafter95,2,0-5
kevmo,2,0-5
kfrncs,2,0-5
FERRIA,2,0-5
dotsdl,2,0-5
aflanders7,2,0-5
cbrummitt,2,0-5
agitter,2,0-5
vstolbunov,2,0-5
Freshia,2,0-5
kkatottn,2,0-5
GKjohns,2,0-5
getgaurav2,2,0-5
webber26232,2,0-5
wehlutyk,2,0-5
Garrett-R,2,0-5
welinder,2,0-5
wendyhhu,2,0-5
fenilsuchak,2,0-5
whiletruelearn,2,0-5
kputnam,2,0-5
willpeppo,2,0-5
wlamond,2,0-5
aishgrt1,2,0-5
GregoireMialon,2,0-5
aj-white,2,0-5
xcjason,2,0-5
krumeto,2,0-5
yukuairoy,2,0-5
krumetoft,2,0-5
ak04p,2,0-5
Haidar13,2,0-5
Harmanankohli,2,0-5
akahard2dj,2,0-5
zermelozf,2,0-5
ceh,2,0-5
lacouth,2,0-5
ziky90,2,0-5
lagvier,2,0-5
Harsh2098,2,0-5
Hashcode-Ankit,2,0-5
hiramatsuyuusuke,2,0-5
AishwaryaRK,2,0-5
Ajackster,2,0-5
lbfin,2,0-5
AlekLefebvre,2,0-5
AlessandroMiola,2,0-5
chagaz,2,0-5
leonardbinet,2,0-5
albertotb,2,0-5
Aloqeely,2,0-5
lexmsl,2,0-5
AndreaCatalucci,2,0-5
AnishShah,2,0-5
bmreiniger,1,0-5
bnsh,1,0-5
bobchennan,1,0-5
boricles,1,0-5
borovikova,1,0-5
boyleconnor,1,0-5
bradysalz,1,0-5
brandonthchen,1,0-5
braunmagrin,1,0-5
brdav,1,0-5
brentfagan,1,0-5
brentp,1,0-5
brentyi,1,0-5
brettcannon,1,0-5
brettkoonce,1,0-5
brianrice2,1,0-5
bryan-lunt,1,0-5
bryan-woods,1,0-5
bryanyang0528,1,0-5
bsmith89,1,0-5
btdai,1,0-5
bucketclan,1,0-5
buguen,1,0-5
bumblebee211196,1,0-5
bvsravikiran,1,0-5
bvtrach,1,0-5
c-bata,1,0-5
c-git,1,0-5
c56pony,1,0-5
cache-missing,1,0-5
caherrera-meli,1,0-5
camilaagw,1,0-5
camilstaps,1,0-5
campustrampus,1,0-5
captainhaddock18,1,0-5
captnTardigrade,1,0-5
carlsonp,1,0-5
carrillo,1,0-5
cathydeng,1,0-5
cavorite,1,0-5
ccatalfo,1,0-5
cclauss,1,0-5
ccoovrey,1,0-5
cemoody,1,0-5
ceshine,1,0-5
chadykamar,1,0-5
chalulu,1,0-5
changebo,1,0-5
changyaochen,1,0-5
charles-zablit,1,0-5
charltonaustin,1,0-5
chayant,1,0-5
chbrandt,1,0-5
chebee7i,1,0-5
chezou,1,0-5
chibby0ne,1,0-5
chinmayapancholi13,1,0-5
chofchof,1,0-5
choldgraf,1,0-5
chribsen,1,0-5
chrisfosterelli,1,0-5
chrissobel,1,0-5
christianwaldmann,1,0-5
christopherchoe,1,0-5
christopherjenness,1,0-5
christopherlim98,1,0-5
chsasank,1,0-5
cindy-x-liang,1,0-5
claramatos,1,0-5
cleardusk,1,0-5
clytaemnestra,1,0-5
code-and-tie,1,0-5
codeloop,1,0-5
codevig,1,0-5
coelhudo,1,0-5
colin-ni,1,0-5
conradstevens,1,0-5
corona10,1,0-5
corriebar,1,0-5
cpa,1,0-5
cparmet,1,0-5
craetona,1,0-5
craigdsthompson,1,0-5
creatornadiran,1,0-5
crodjer,1,0-5
crypdick,1,0-5
csizsek,1,0-5
css459,1,0-5
ctw,1,0-5
cvesteghem,1,0-5
cwitte,1,0-5
cynthias13w,1,0-5
d42,1,0-5
dafeda,1,0-5
dakl,1,0-5
dallascard,1,0-5
danfrankj,1,0-5
daniel-perry,1,0-5
danielbarkhorn,1,0-5
danieleongari,1,0-5
danielleshwed,1,0-5
danielvangelder,1,0-5
danna-naser,1,0-5
danohu,1,0-5
datajanko,1,0-5
datamut,1,0-5
davidblnc,1,0-5
davidbrochart,1,0-5
davidcherney,1,0-5
davidechicco,1,0-5
davidgasquez,1,0-5
davidheryanto,1,0-5
davidleon123,1,0-5
davidpickup,1,0-5
dbeach24,1,0-5
dberenbaum,1,0-5
dcferreira,1,0-5
deargle,1,0-5
declo32,1,0-5
decorouz,1,0-5
deepcharles,1,0-5
definitelyuncertain,1,0-5
defoishugo,1,0-5
denadai2,1,0-5
denisgarci,1,0-5
des137,1,0-5
deto,1,0-5
devanshdalal,1,0-5
dfletchermaths,1,0-5
dhanus,1,0-5
diederikwp,1,0-5
diegodlh,1,0-5
dimazest,1,0-5
dinga92,1,0-5
discdiver,1,0-5
ditenberg,1,0-5
divyanshudeoli,1,0-5
divyaprabha123,1,0-5
djdrack,1,0-5
djv,1,0-5
dlhaar,1,0-5
dlindqu3,1,0-5
dmallia17,1,0-5
dmbee,1,0-5
dmedri,1,0-5
dmollaaliod,1,0-5
donnemartin,1,0-5
dorcoh,1,0-5
doshi-kevin,1,0-5
doshyt,1,0-5
doulouUS,1,0-5
dpwe,1,0-5
draix,1,0-5
drewhogg,1,0-5
drewmjohnston,1,0-5
drkatnz,1,0-5
drorata,1,0-5
dschmitz89,1,0-5
dshieble,1,0-5
dsleo,1,0-5
duarteocarmo,1,0-5
duckladydinh,1,0-5
duhaime,1,0-5
duongb,1,0-5
dvignesh1995,1,0-5
dvukolov,1,0-5
dylancashman,1,0-5
dymil,1,0-5
e-izdfr,1,0-5
eagle-owly,1,0-5
eamartin,1,0-5
earino,1,0-5
ebsano,1,0-5
echasnovski,1,0-5
eddbrown,1,0-5
edduardoo,1,0-5
eden-brekke,1,0-5
edrogers,1,0-5
edvardlindelof,1,0-5
edwardcqian,1,0-5
edwingrappin,1,0-5
eggie5,1,0-5
egkiastas,1,0-5
eguenther,1,0-5
ejcaropr,1,0-5
ejklike,1,0-5
ekaterinabutyugina,1,0-5
elateifsara,1,0-5
elcorto,1,0-5
elena-sharova,1,0-5
eloj,1,0-5
elsander,1,0-5
eltociear,1,0-5
emma-carballal,1,0-5
emmanuel-ferdman,1,0-5
epimorphic,1,0-5
erictleung,1,0-5
erikcs,1,0-5
erinkhoo,1,0-5
erlefloch,1,0-5
esc,1,0-5
eschibli,1,0-5
eshilts,1,0-5
espg,1,0-5
esvhd,1,0-5
europeanplaice,1,0-5
eyast,1,0-5
fabi-cast,1,0-5
fabridamicelli,1,0-5
falaktheoptimist,1,0-5
fatimazahraegasmi,1,0-5
fatosmorina,1,0-5
fayeshine,1,0-5
fdas3213,1,0-5
federicopisanu,1,0-5
felix-salfelder,1,0-5
felixdivo,1,0-5
felixglush,1,0-5
felixriese,1,0-5
feth,1,0-5
fferrin,1,0-5
fhaase2,1,0-5
fhaselbeck,1,0-5
fhs,1,0-5
filipj8,1,0-5
flennerhag,1,0-5
flowlight0,1,0-5
floydwch,1,0-5
flukeskywalker,1,0-5
flxb,1,0-5
foxik,1,0-5
fraboeni,1,0-5
francesco-tuveri,1,0-5
francolq,1,0-5
frankier,1,0-5
franzwr,1,0-5
frexvahi,1,0-5
frsi,1,0-5
fsiola,1,0-5
fuglede,1,0-5
fujiyuu75,1,0-5
fukatani,1,0-5
furukama,1,0-5
futurewarning,1,0-5
fx86,1,0-5
g-walsh,1,0-5
gaborberei,1,0-5
gaborkertesz,1,0-5
gabrielecalvo,1,0-5
galtay,1,0-5
gamebusterz,1,0-5
ganevgv,1,0-5
gasagna,1,0-5
gatagat,1,0-5
gauravkdesai,1,0-5
gchers,1,0-5
gdex1,1,0-5
gedeck,1,0-5
genziano,1,0-5
geofft,1,0-5
geoninja,1,0-5
geroldcsendes,1,0-5
gforsyth,1,0-5
gfournier,1,0-5
ggc87,1,0-5
gglanzani,1,0-5
ggrrll,1,0-5
ghisvail,1,0-5
gholdman1,1,0-5
gimseng,1,0-5
gio8tisu,1,0-5
gionanide,1,0-5
giorgioangel,1,0-5
gittar,1,0-5
gittasche,1,0-5
gjreda,1,0-5
gkevinyen5418,1,0-5
go-bears,1,0-5
gojomo,1,0-5
goncalo-rodrigues,1,0-5
gpablo6,1,0-5
greatsharma,1,0-5
greg-mogavero,1,0-5
gregorybchris,1,0-5
gregorystrubel,1,0-5
grenoya,1,0-5
grlee77,1,0-5
groceryheist,1,0-5
gsganden,1,0-5
gsheni,1,0-5
gte620v,1,0-5
gu1show,1,0-5
gui-miotto,1,0-5
guillaume-chevalier,1,0-5
guiniol,1,0-5
guitared,1,0-5
guiweber,1,0-5
gunesbayir,1,0-5
guoci,1,0-5
gusennan,1,0-5
gvacaliuc,1,0-5
gwarmstrong,1,0-5
h10r,1,0-5
h4iku,1,0-5
habi,1,0-5
hafnerfe,1,0-5
hailey0huong,1,0-5
hakaa1,1,0-5
hallr,1,0-5
halsawadi,1,0-5
halwai,1,0-5
hamogu,1,0-5
hannahbrucemacdonald,1,0-5
hansinahuja,1,0-5
haochuanwei,1,0-5
haoranShu,1,0-5
har777,1,0-5
haroldfox,1,0-5
harrismirza,1,0-5
harryscholes,1,0-5
harshit5674,1,0-5
hassaanseeker,1,0-5
hbenedek,1,0-5
hbertrand,1,0-5
hcars,1,0-5
hdmetor,1,0-5
helper-uttam,1,0-5
hermidalc,1,0-5
hhu-luqi,1,0-5
himankunaw,1,0-5
hiqua,1,0-5
hirzel,1,0-5
hiteshsom,1,0-5
hjung0,1,0-5
hkennyv,1,0-5
hmaarrfk,1,0-5
hmasdev,1,0-5
hobson,1,0-5
hoffm386,1,0-5
hongkahjun,1,0-5
hristo-vrigazov,1,0-5
hsalamin,1,0-5
hsorsky,1,0-5
huangk10,1,0-5
hugolmn,1,0-5
hugorichard,1,0-5
hugovk,1,0-5
hujiahong726,1,0-5
hunan-rostomyan,1,0-5
hvassard,1,0-5
der-Lehmann,1,0-5
0urobor0s,1,0-5
i-am-xhy,1,0-5
1cph93,1,0-5
iKevinY,1,0-5
iabhi7,1,0-5
iampat,1,0-5
iamprakashom,1,0-5
211217613,1,0-5
2maz,1,0-5
3lLobo,1,0-5
7ayushgupta,1,0-5
icfaust,1,0-5
ichko,1,0-5
99991,1,0-5
icsaas,1,0-5
icyblade,1,0-5
idomic,1,0-5
9Y5,1,0-5
ijpulidos,1,0-5
A-H-Mansoury,1,0-5
ikedaosushi,1,0-5
ABHIGPT401,1,0-5
ilos-vigil,1,0-5
xuhdev,1,0-5
impaktor,1,0-5
inclusive-coding-bot,1,0-5
yadav-sachin,1,0-5
inder128,1,0-5
indianajensen,1,0-5
ingeliza,1,0-5
AikoChou,1,0-5
yangarbiter,1,0-5
yanhong-zhao-ef,1,0-5
ioangatop,1,0-5
yareyaredesuyo,1,0-5
ionicsolutions,1,0-5
yelite,1,0-5
irogi,1,0-5
ygivenx,1,0-5
isakjovic,1,0-5
ishaanb92,1,0-5
isms,1,0-5
isunitha98selvan,1,0-5
isuruf,1,0-5
yhtang,1,0-5
iteachmachines,1,0-5
itsabhishekhere,1,0-5
itsaphel,1,0-5
ivallesp,1,0-5
iver56,1,0-5
yimingli,1,0-5
iwhalvic,1,0-5
iworkist,1,0-5
ymazari,1,0-5
j0rd1smit,1,0-5
j1c,1,0-5
yoch,1,0-5
yoni,1,0-5
ja9harper,1,0-5
yotamcons,1,0-5
jack-mcivor,1,0-5
jackbowyer,1,0-5
ysunmi0427,1,0-5
yufengg,1,0-5
Anthony22-dev,1,0-5
jaidevd,1,0-5
Anubhav2000,1,0-5
Anurag-Varma,1,0-5
jakharrahul000,1,0-5
AraiKensuke,1,0-5
Ashish013,1,0-5
jameslamb,1,0-5
jamesmyatt,1,0-5
jamesroutley,1,0-5
Ashvith10,1,0-5
jamoque,1,0-5
jannab,1,0-5
janniks,1,0-5
jansoe,1,0-5
Aswathavicky,1,0-5
AutoViML,1,0-5
AymericBasset,1,0-5
jaroslaw-weber,1,0-5
Azariagmt,1,0-5
jaskola8,1,0-5
jasmainak,1,0-5
BBloggsbott,1,0-5
BHolmes92,1,0-5
BabaYaga1221,1,0-5
jayasuryajsk,1,0-5
jayybhatt,1,0-5
jayzed82,1,0-5
jbearer,1,0-5
jbednar,1,0-5
BaptBillard,1,0-5
jbn,1,0-5
jbsilva,1,0-5
jcainey,1,0-5
jchazalon,1,0-5
BardiyaAk,1,0-5
jdethurens,1,0-5
BarkleyBG,1,0-5
jdsuryap,1,0-5
BdeGraaff,1,0-5
je-kr,1,0-5
BenjaminLiuPenrose,1,0-5
jeff1evesque,1,0-5
Bibyutatsu,1,0-5
jereze,1,0-5
jeroko,1,0-5
BioGeek,1,0-5
BoboTiG,1,0-5
jessicayung,1,0-5
jfbeaumont,1,0-5
Borda,1,0-5
jhelie,1,0-5
BrandonLiang,1,0-5
Bunkus1,1,0-5
jigna-panchal,1,0-5
jilljenn,1,0-5
jim0421,1,0-5
jimmywan,1,0-5
jindalpankaj,1,0-5
jinkunw,1,0-5
jiwidi,1,0-5
jjabl,1,0-5
CYHSM,1,0-5
jjhelmus,1,0-5
CaileanCarter,1,0-5
jkarolczak,1,0-5
jkleint,1,0-5
jlcx,1,0-5
jloayza10,1,0-5
jmargeta,1,0-5
jmarintur,1,0-5
jmehault,1,0-5
Cartman0,1,0-5
CastaChick,1,0-5
CateGitau,1,0-5
Celeo,1,0-5
jnboehm,1,0-5
Cemlyn,1,0-5
ChamRoshi,1,0-5
joaak,1,0-5
joanaz,1,0-5
joaocmd,1,0-5
joaovitormascarenhas,1,0-5
joaquinvanschoren,1,0-5
Cheukting,1,0-5
joernhees,1,0-5
Choudhry-Shaharyar,1,0-5
Christian-Hirsch,1,0-5
johncant,1,0-5
ChuliangXiao,1,0-5
johnthagen,1,0-5
CirQ,1,0-5
jonaschn,1,0-5
jondo,1,0-5
jonnor,1,0-5
ClashTheBunny,1,0-5
ClemDoum,1,0-5
jordisoler,1,0-5
Clyde-fare,1,0-5
CoMartel,1,0-5
CoderPat,1,0-5
josericardo,1,0-5
Connerrrrr,1,0-5
joshuacook,1,0-5
Cristinamulas,1,0-5
jovan-stojanovic,1,0-5
DGrady,1,0-5
jpcars,1,0-5
Da-Lan,1,0-5
jpreiss,1,0-5
DaGuich,1,0-5
DaminK,1,0-5
jrouly,1,0-5
jsamoocha,1,0-5
DanGonite57,1,0-5
DanielMorales9,1,0-5
DanielWeitzenfeld,1,0-5
DarshanGowda0,1,0-5
jtdoepke,1,0-5
DatenBergwerker,1,0-5
DavidBreuer,1,0-5
julesjulian,1,0-5
julian-8897,1,0-5
juliathebrave,1,0-5
julibeg,1,0-5
julien-c,1,0-5
julienaubert,1,0-5
julietcl,1,0-5
julyrashchenko,1,0-5
jumon,1,0-5
justhalf,1,0-5
DavidKatz-il,1,0-5
DayneSorvisto,1,0-5
jvesely,1,0-5
Deborah-Digges,1,0-5
jygerardy,1,0-5
jzwinck,1,0-5
k0pernicus,1,0-5
Denbergvanthijs,1,0-5
kachayev,1,0-5
kaczmarj,1,0-5
kadatatlukishore,1,0-5
kaicheng,1,0-5
Derrreks,1,0-5
DessyVV,1,0-5
kalaidin,1,0-5
kamiyaa,1,0-5
kamua,1,0-5
Dev-Akash,1,0-5
Dev-Khant,1,0-5
DevanshKyada27,1,0-5
kapytaine,1,0-5
Dion11235,1,0-5
kashif,1,0-5
DominicFox,1,0-5
Don86,1,0-5
kataev,1,0-5
DrGFreeman,1,0-5
katelie,1,0-5
DraXus,1,0-5
DuarteSJ,1,0-5
Dutta-SD,1,0-5
kaushikroychowdhury,1,0-5
kaushlakers,1,0-5
kaylani2,1,0-5
EFerriss,1,0-5
EQt,1,0-5
kellycarmody,1,0-5
ETay203,1,0-5
kensac,1,0-5
Edern76,1,0-5
EdwinWenink,1,0-5
kevin-coder,1,0-5
EitanHemed,1,0-5
kevroi,1,0-5
keyber,1,0-5
keyianpai,1,0-5
Ellen-Co2,1,0-5
ErmolaevPA,1,0-5
EunSeop,1,0-5
kiaderouiche,1,0-5
FPGAwesome,1,0-5
killthekitten,1,0-5
kingjr,1,0-5
FelixWick,1,0-5
FollonSaxBass,1,0-5
kirilldolmatov,1,0-5
kirisakow,1,0-5
kishimoto-banana,1,0-5
FollowKenny,1,0-5
ForrestCKoch,1,0-5
klaurent83,1,0-5
klieret,1,0-5
FrancescoCasalegno,1,0-5
kmatt10,1,0-5
FrankHui,1,0-5
kms15,1,0-5
Freija,1,0-5
kobaski,1,0-5
koenvandevelde,1,0-5
GMarzinotto,1,0-5
kondratyev-nv,1,0-5
konstantinos-p,1,0-5
kots14,1,0-5
koushikjoshi,1,0-5
kp1302,1,0-5
Gandagorn,1,0-5
GauravAhlawat,1,0-5
kraktus,1,0-5
krazedkrish,1,0-5
krishnachaitanya7,1,0-5
GauravChoudhay,1,0-5
krishnakatyal,1,0-5
krishnakoumar27,1,0-5
Geoffrey-Paris,1,0-5
krstopro,1,0-5
GeorMurk,1,0-5
GeorgiaMayDay,1,0-5
ksemb,1,0-5
kshitijkapadni,1,0-5
kshmelkov,1,0-5
ksivaman,1,0-5
GideonSonoiya1,1,0-5
Gleekzone,1,0-5
ktisha,1,0-5
kungfudeuce,1,0-5
kushalchauhan98,1,0-5
GregoryMorse,1,0-5
H-Yin,1,0-5
kwinkunks,1,0-5
kxytim,1,0-5
kykosic,1,0-5
H4dr1en,1,0-5
kylerbrown,1,0-5
kyouma,1,0-5
HabchiSarra,1,0-5
lacrosse91,1,0-5
Harry040,1,0-5
lakrish,1,0-5
Harsh14901,1,0-5
Hasil-Sharma,1,0-5
HayaAlmutairi,1,0-5
laurburke,1,0-5
laurentluce,1,0-5
lazarust,1,0-5
lazywei,1,0-5
HayesJohnD,1,0-5
lbittarello,1,0-5
HenriqueProj,1,0-5
ldwy4,1,0-5
leepei,1,0-5
leereeves,1,0-5
legitishan,1,0-5
leighton613,1,0-5
lemonlaug,1,0-5
lemurey,1,0-5
lene,1,0-5
Hephaest,1,0-5
leonardorocc0,1,0-5
leonpalafox,1,0-5
leopoloc0,1,0-5
leosartaj,1,0-5
leouieda,1,0-5
lesnee,1,0-5
HideakiImamura,1,0-5
levy5674,1,0-5
Hind-M,1,0-5
lgeiger,1,0-5
li1127217ye,1,0-5
liamge,1,0-5
Hoda1394,1,0-5
likeajumprope,1,0-5
lingyigt,1,0-5
HolgerPeters,1,0-5
lisacsn,1,0-5
Honghe,1,0-5
lithuak,1,0-5
lizsz,1,0-5
HunterMcGushion,1,0-5
lkemkes,1,0-5
lkjcalc,1,0-5
lkubin,1,0-5
llimllib,1,0-5
Ily83,1,0-5
InessaPawson,1,0-5
hxyue1,1,0-5
InterferencePattern,1,0-5
IsaacHaze,1,0-5
loftiskg,1,0-5
IsaacTrost,1,0-5
logc,1,0-5
lohitslohit,1,0-5
loldja,1,0-5
londumas,1,0-5
loopyme,1,0-5
lopeLH,1,0-5
Ishan-Kumar2,1,0-5
IssamLaradji,1,0-5
IvanLauLinTiong,1,0-5
lostanlen,1,0-5
lostcoaster,1,0-5
louib,1,0-5
louisguitton,1,0-5
louishuynh,1,0-5
IvanSedykh,1,0-5
lpierron,1,0-5
lpsilvestrin,1,0-5
IwonaZ,1,0-5
J-Enblom,1,0-5
lrwagner,1,0-5
J0,1,0-5
JEHoctor,1,0-5
luang008,1,0-5
lucaionescu,1,0-5
lucaswiman,1,0-5
lucgiffon,1,0-5
lucianoviola,1,0-5
JJmistry,1,0-5
JSchuerz,1,0-5
ludwigschwardt,1,0-5
JackLangerman,1,0-5
luk-f-a,1,0-5
lukemcraig,1,0-5
lumtvn,1,0-5
lutzroeder,1,0-5
JaehyunAhn,1,0-5
ly648499246,1,0-5
lynchkl,1,0-5
lzlarryli,1,0-5
JakeCowton,1,0-5
James-G-Hill,1,0-5
m-sche,1,0-5
m1so,1,0-5
m7142yosuke,1,0-5
maawoo,1,0-5
mabdelaal86,1,0-5
JamesTrick,1,0-5
mabu-dev,1,0-5
madelgi,1,0-5
JanSellner,1,0-5
madinak,1,0-5
maftabali,1,0-5
magalimorin18,1,0-5
magda-zielinska,1,0-5
magnusbarata,1,0-5
Jeanselme,1,0-5
JelleZijlstra,1,0-5
mail-liam,1,0-5
maithuvenkatesh,1,0-5
majauhar,1,0-5
makoeppel,1,0-5
JeremyNixon,1,0-5
maksymborukh,1,0-5
maliozer,1,0-5
manasimj,1,0-5
mandalbiswadip,1,0-5
JeroenPeterBos,1,0-5
Jessicakk0711,1,0-5
JinLi711,1,0-5
manrajgrover,1,0-5
JoElfner,1,0-5
JoKoum,1,0-5
manuel-morales-a,1,0-5
Jofleming,1,0-5
marcozzxx810,1,0-5
JohanWork,1,0-5
marekhanus,1,0-5
JohnPaton,1,0-5
maresb,1,0-5
mariaboerner1987,1,0-5
marielaraj,1,0-5
JohnStott,1,0-5
marijavlajic,1,0-5
marimeireles,1,0-5
marineLM,1,0-5
mario-at-intercom,1,0-5
mark-thm,1,0-5
markbao,1,0-5
markhannel,1,0-5
markotoplak,1,0-5
markroth8,1,0-5
marktab,1,0-5
marrodion,1,0-5
JohnathanPi,1,0-5
JonathanBanda,1,0-5
Jopepato,1,0-5
martina-zxy,1,0-5
Jorge-C,1,0-5
martinbjeldbak,1,0-5
JorgeFCS,1,0-5
martintb,1,0-5
JosephSM,1,0-5
JosephTLucas,1,0-5
mathcass,1,0-5
JuliaSchoepp,1,0-5
mathschy,1,0-5
JulianKahnert,1,0-5
JungeAlexander,1,0-5
JustGlowing,1,0-5
matthewfeickert,1,0-5
Justin-Huber,1,0-5
maurapintor,1,0-5
mauroantonioserrano,1,0-5
JustinShenk,1,0-5
maxi-marufo,1,0-5
maximeSaur,1,0-5
maxwell-aladago,1,0-5
mayer79,1,0-5
KPLauritzen,1,0-5
Kaminyou,1,0-5
KanchiMoe,1,0-5
KartikChugh,1,0-5
Kasre96,1,0-5
mbrucher,1,0-5
mc4229,1,0-5
mcalcote,1,0-5
mchikyt3,1,0-5
mdarii,1,0-5
Kaysera,1,0-5
mdezube,1,0-5
mdhaber,1,0-5
mdhornstein,1,0-5
mdomarsaleem,1,0-5
mdruiter,1,0-5
mecopur,1,0-5
Ken4git,1,0-5
mehdidc,1,0-5
mehmetcanakbay,1,0-5
mehrdadmoradii,1,0-5
KenP97,1,0-5
KennedyWaweru,1,0-5
melgoetz,1,0-5
melsyt,1,0-5
mepa,1,0-5
merrcury,1,0-5
meyer89,1,0-5
mfcabrera,1,0-5
mferrari3,1,0-5
Kim-AYoung,1,0-5
mgaido91,1,0-5
Kim2212,1,0-5
Kirandevraj,1,0-5
mhham,1,0-5
micahjsmith,1,0-5
Kishan-Ved,1,0-5
michaelshiyu,1,0-5
Kot271828,1,0-5
Kulbear,1,0-5
KunjParikh,1,0-5
michpara,1,0-5
KurumeYuta,1,0-5
miguelbarao,1,0-5
LauraLangdon,1,0-5
mih,1,0-5
LaurenzReitsam,1,0-5
Laveen-exe,1,0-5
mikeonly,1,0-5
miki725,1,0-5
miladsade96,1,0-5
milana2,1,0-5
millawell,1,0-5
mina1987,1,0-5
LeiG,1,0-5
LeoGrin,1,0-5
miniyou,1,0-5
mirca,1,0-5
LeonieBorne,1,0-5
miwojc,1,0-5
mizu-ki,1,0-5
LilyX2021,1,0-5
LisaThomas9,1,0-5
mjmikulski,1,0-5
LiutongZhou,1,0-5
mknz,1,0-5
LoHertel,1,0-5
LucieClair,1,0-5
mlewis1729,1,0-5
mlliou112,1,0-5
LukasFolwarczny,1,0-5
MKDJr,1,0-5
mmaker,1,0-5
mmhamdy,1,0-5
mobigelow,1,0-5
MMeketon,1,0-5
mohamed-khoualed,1,0-5
MN193,1,0-5
mohitrbhardwaj,1,0-5
moibra,1,0-5
mojc,1,0-5
mokwilliam,1,0-5
mooz,1,0-5
moritzwilksch,1,0-5
motmoti,1,0-5
MSHelm,1,0-5
mozgit,1,0-5
Maascha,1,0-5
mppaskov,1,0-5
mrandrewandrade,1,0-5
MaiRajborirug,1,0-5
Malesche,1,0-5
ManishAradwad,1,0-5
mrleu,1,0-5
ManuelLabbe,1,0-5
mrorii,1,0-5
Maocx,1,0-5
mrterry,1,0-5
mschaffenroth,1,0-5
mscherer,1,0-5
msgomez06,1,0-5
mslapek,1,0-5
MarcBresson,1,0-5
mszep,1,0-5
MarcusFra,1,0-5
MarkIwanchyshyn,1,0-5
MartinThoma,1,0-5
muayyad-alsadi,1,0-5
muellermarkus,1,0-5
munk,1,0-5
Marvvxi,1,0-5
Masstran,1,0-5
MattNP,1,0-5
murezzda,1,0-5
MattpSoftware,1,0-5
MaxHalford,1,0-5
mwestt,1,0-5
mwurps,1,0-5
myenugula,1,0-5
nadya-p,1,0-5
nalepae,1,0-5
01-vyom,1,0-5
nannau,1,0-5
nanshanli,1,0-5
Mchristos,1,0-5
Mehgarg,1,0-5
MichaelShoemaker,1,0-5
napetrov,1,0-5
napoles-uach,1,0-5
napsternxg,1,0-5
narendramukherjee,1,0-5
narendrasinghdangi,1,0-5
nastegiano,1,0-5
nat-salt,1,0-5
natashaborders-zz,1,0-5
nateGeorge,1,0-5
nathansquan,1,0-5
naziya-19,1,0-5
nbrown-ScottLogic,1,0-5
MichalKarbownik,1,0-5
ndingwall,1,0-5
MisaOgura,1,0-5
MohamedBsh,1,0-5
Morikko,1,0-5
MotoBenny,1,0-5
neo01124,1,0-5
netomenoci,1,0-5
nezar-a,1,0-5
nfultz,1,0-5
MozarellaMan,1,0-5
ngoldbaum,1,0-5
ngonthier,1,0-5
ngshya,1,0-5
nicholas-fwang,1,0-5
nickypie,1,0-5
nico-stefani,1,0-5
nicodv,1,0-5
nicolafan,1,0-5
nicolamontecchio,1,0-5
nicolasservel,1,0-5
niedakh,1,0-5
nielsenmarkus11,1,0-5
MrMjauh,1,0-5
nik-sm,1,0-5
MridulS,1,0-5
nikJ13,1,0-5
nikita-jare,1,0-5
NadimKawwa,1,0-5
Namiya,1,0-5
nils-werner,1,0-5
nima10khodaveisi,1,0-5
NaokiHamada,1,0-5
nitinramvelraj,1,0-5
nityamd,1,0-5
NartayXD,1,0-5
nixtish,1,0-5
nizhib,1,0-5
njj67229,1,0-5
njkevlani,1,0-5
Nass779,1,0-5
nk412,1,0-5
nlw0,1,0-5
Necior,1,0-5
NeilBotelho,1,0-5
nnlnr,1,0-5
Neurrone,1,0-5
noatamir,1,0-5
noelano,1,0-5
nogilnick,1,0-5
NicholasWon47,1,0-5
norbert,1,0-5
NicolasMillerr,1,0-5
norgera,1,0-5
NimaSarajpoor,1,0-5
notPlancha,1,0-5
Nirvan101,1,0-5
Nishikoh,1,0-5
npache,1,0-5
npatta01,1,0-5
No-Doy,1,0-5
NolantheNerd,1,0-5
nsuh,1,0-5
NumberPiOso,1,0-5
nvavrova,1,0-5
nwzish,1,0-5
nxorable,1,0-5
OGordon100,1,0-5
nzer0,1,0-5
Okroshiashvili,1,0-5
o-holman,1,0-5
o1iv3r,1,0-5
Olks,1,0-5
OnlyBelter,1,0-5
PABannier,1,0-5
PGijsbers,1,0-5
PandaTinker,1,0-5
oj-lappi,1,0-5
ParsifalXu,1,0-5
okbalefthanded,1,0-5
okz12,1,0-5
olegstikhin,1,0-5
Persola,1,0-5
oliblum90,1,0-5
olicairns,1,0-5
oliverrausch,1,0-5
PranayAnchuri,1,0-5
Probinette4,1,0-5
PyExtreme,1,0-5
QBatista,1,0-5
orestisfl,1,0-5
osaid-r,1,0-5
Quetzalcohuatl,1,0-5
osmantamer,1,0-5
otizonaizit,1,0-5
oulenz,1,0-5
ouss1508,1,0-5
ovenpickled,1,0-5
ovynnej,1,0-5
pabloduque0,1,0-5
pakallis,1,0-5
palnabarun,1,0-5
panangam,1,0-5
panda5176,1,0-5
panpiort8,1,0-5
panzhufeng,1,0-5
Qwasser,1,0-5
paoloturati,1,0-5
papaonlegs,1,0-5
RUrlus,1,0-5
parsons-kyle-89,1,0-5
Rachel-Freeland,1,0-5
parthivapsani,1,0-5
partmor,1,0-5
pasbi,1,0-5
patel-zeel,1,0-5
patrick1011,1,0-5
patrickctrf,1,0-5
patrickkwang,1,0-5
paulgb,1,0-5
RachitKansal,1,0-5
paulochf,1,0-5
RachitKeertiDas,1,0-5
paw-lu,1,0-5
RafeyIqbalRahman,1,0-5
peay,1,0-5
pedro-w,1,0-5
RajatGarg97,1,0-5
pelennor,1,0-5
RankyLau,1,0-5
RayOnFire,1,0-5
petebachant,1,0-5
peter-dye,1,0-5
peterjc,1,0-5
petrizzo,1,0-5
pganssle,1,0-5
RichardScottOZ,1,0-5
Rileran,1,0-5
philipp-jung,1,0-5
philsupertramp,1,0-5
RobRomijnders,1,0-5
RobertHGit,1,0-5
pidefrem,1,0-5
piebro,1,0-5
pierreablin,1,0-5
RoeiKa,1,0-5
Roman4oo,1,0-5
pieteradejong,1,0-5
pietruh,1,0-5
RomanKosobrodov,1,0-5
pimdh,1,0-5
RonLek,1,0-5
pinkgoldpeach,1,0-5
pjbull,1,0-5
pjknkda,1,0-5
plagree,1,0-5
plbecker,1,0-5
pldtc325,1,0-5
RonsenbergVI,1,0-5
pli482004,1,0-5
plon-Susk7,1,0-5
pm155,1,0-5
RoopamSharma,1,0-5
pmli,1,0-5
pnb,1,0-5
pnucci,1,0-5
polmauri,1,0-5
RuchitaGarde,1,0-5
RudreshVeerkhare,1,0-5
SACHIN-13,1,0-5
ppiont,1,0-5
pplonski,1,0-5
SaadMahm00d,1,0-5
ppuggioni,1,0-5
practicalswift,1,0-5
pramodatre,1,0-5
SamKimbinyi,1,0-5
SamStudio8,1,0-5
SandroCasagrande,1,0-5
precondition,1,0-5
priyansh16,1,0-5
prodingerd,1,0-5
SanjayMarreddi,1,0-5
psendyk,1,0-5
psorianom,1,0-5
SanthoshBala18,1,0-5
Schefflera-Arboricola,1,0-5
pstjohn,1,0-5
ptocca,1,0-5
ScottMGustafson,1,0-5
pujaltes,1,0-5
pulkitmaloo,1,0-5
pulkitmehtawork,1,0-5
puneetmathurDS,1,0-5
SergioDSR,1,0-5
Shiki-H,1,0-5
ShoaibKhan,1,0-5
pv,1,0-5
pvnguyen,1,0-5
pwalchessen,1,0-5
pwgerman,1,0-5
pylaterreur,1,0-5
ShyamDesai,1,0-5
SimonCW,1,0-5
Sinclert,1,0-5
qmarcou,1,0-5
SkafteNicki,1,0-5
quangngd,1,0-5
SleepyBag,1,0-5
qzhang90,1,0-5
r-barnes,1,0-5
SmedbergM,1,0-5
raamana,1,0-5
rachel-fischoff,1,0-5
rachelcjordan,1,0-5
rachittoshniwal,1,0-5
radarhere,1,0-5
raduspaimoc,1,0-5
rafacarrascosa,1,0-5
Spikhalskiy,1,0-5
raghuveerbhat,1,0-5
rahiel,1,0-5
rahulsm27,1,0-5
rainwoodman,1,0-5
Stamic-kk,1,0-5
SultanOrazbayev,1,0-5
Sundrique,1,0-5
SwordKnight6216,1,0-5
TFiFiE,1,0-5
ralexx,1,0-5
rammig,1,0-5
ramvikrams,1,0-5
Tafkas,1,0-5
randolf-scholz,1,0-5
Tenavi,1,0-5
ranjanikrishnan,1,0-5
raph333,1,0-5
raphael0202,1,0-5
Terryhung,1,0-5
rashchedrin,1,0-5
ThatGeoGuy,1,0-5
rauwuckl,1,0-5
TheAtomicOption,1,0-5
ravwojdyla,1,0-5
TheDevPanda,1,0-5
rcap107,1,0-5
rcwoolston,1,0-5
rdboyes,1,0-5
rebeccabilbro,1,0-5
ThomAub,1,0-5
Thomas9292,1,0-5
rehanguha,1,0-5
ThomasDelteil,1,0-5
remilvus,1,0-5
remram44,1,0-5
ThuWangzw,1,0-5
renaissance0ne,1,0-5
Timmate,1,0-5
rgbkrk,1,0-5
TimotheeMathieu,1,0-5
TiphaineV,1,0-5
TobiasMadsen,1,0-5
richardklima,1,0-5
TobiasUhmann,1,0-5
Trion129,1,0-5
TsingQAQ,1,0-5
UgoM,1,0-5
ricmperes,1,0-5
rishi1999,1,0-5
UnixJunkie,1,0-5
ritalulu,1,0-5
ritchieng,1,0-5
rithvikrao,1,0-5
VarunChaduvula,1,0-5
rlamy,1,0-5
Vermeille,1,0-5
Vikrant-Khedkar,1,0-5
rmax,1,0-5
Vincent-violet,1,0-5
VinodKumarLogan,1,0-5
robertcrockett,1,0-5
VladimirFokow,1,0-5
Vlasovets,1,0-5
robinschucker,1,0-5
robinthibaut,1,0-5
robna,1,0-5
WaelBKZ,1,0-5
WeijiaDu,1,0-5
rohan-paul,1,0-5
rohan-varma,1,0-5
rok,1,0-5
Whidou,1,0-5
Windber,1,0-5
X0L,1,0-5
Xethan,1,0-5
roryhr,1,0-5
Xunius,1,0-5
YasmeenAlsaedy,1,0-5
rragundez,1,0-5
rrohan,1,0-5
rsanjabi,1,0-5
Yosshi999,1,0-5
rsmith54,1,0-5
rsnegrin,1,0-5
rst0git,1,0-5
rtavenar,1,0-5
Yulv-git,1,0-5
YusukeNagasaka,1,0-5
ZWMiller,1,0-5
Zahlii,1,0-5
ZaydH,1,0-5
Zeroto521,1,0-5
rushter,1,0-5
rwaithera,1,0-5
rwelsch427,1,0-5
rwolst,1,0-5
ryanking13,1,0-5
ZeyuSun,1,0-5
ZhiqingXiao,1,0-5
s4chin,1,0-5
ZiadAmerr,1,0-5
aad1tya,1,0-5
aalva14,1,0-5
sadra-barikbin,1,0-5
sagnibak,1,0-5
aaron-alphonsus,1,0-5
saket404,1,0-5
abdulelahsm,1,0-5
abenbihi,1,0-5
sam-dixon,1,0-5
sam-s,1,0-5
sam09,1,0-5
samanemami,1,0-5
samdbrice,1,0-5
abh1j337,1,0-5
sami-ka,1,0-5
samj1912,1,0-5
abhinavtps,1,0-5
samsontmr,1,0-5
samuela,1,0-5
samueljamesbell,1,0-5
samuelstevens,1,0-5
abhishek-jana,1,0-5
abhyudaypratap,1,0-5
sanjail3,1,0-5
saqibns,1,0-5
sashkaw,1,0-5
satishjasthi,1,0-5
abjer,1,0-5
saurabhg476,1,0-5
saurabhkankriya,1,0-5
absolutelyNoWarranty,1,0-5
scaja,1,0-5
scalyvladimir,1,0-5
scharron,1,0-5
schmee,1,0-5
schuderer,1,0-5
scibol,1,0-5
aby0,1,0-5
acadiansith,1,0-5
scooler,1,0-5
accraze,1,0-5
adam-handke,1,0-5
scottgigante-immunai,1,0-5
adamgonzo,1,0-5
adamgreenhall,1,0-5
adanhawth,1,0-5
adelr,1,0-5
adienes,1,0-5
sds-dubois,1,0-5
sdvillal,1,0-5
seamusabshere,1,0-5
adijo,1,0-5
seanpwilliams,1,0-5
searchforpassion,1,0-5
sebastiandres,1,0-5
adijohar,1,0-5
aditya-anulekh,1,0-5
sec65,1,0-5
seljaks,1,0-5
seoeunHong,1,0-5
aditya172926,1,0-5
serega,1,0-5
adityarg,1,0-5
admdemiraj,1,0-5
adoublet,1,0-5
adpeters,1,0-5
shadyelgewily-slimstock,1,0-5
shagunsodhani,1,0-5
shail2512-lm10,1,0-5
shanmuga-cv,1,0-5
sharad-vm,1,0-5
sharanry,1,0-5
sharmadharmpal,1,0-5
shashanksingh28,1,0-5
adriangb,1,0-5
shaymerNaturalint,1,0-5
advafaeian,1,0-5
advsinha17,1,0-5
aesuli,1,0-5
shengxiduan,1,0-5
shenhanc78,1,0-5
shinehide,1,0-5
shinnar,1,0-5
shivam-kotwalia,1,0-5
affanv14,1,0-5
afonari,1,0-5
shotat,1,0-5
shoyer,1,0-5
agileminor,1,0-5
shrev,1,0-5
shroffp05,1,0-5
shubchat,1,0-5
shubhalgupta,1,0-5
shubhambmehta,1,0-5
shubhamparmar1,1,0-5
shubhraneel,1,0-5
shuckle16,1,0-5
ahmadjubair33,1,0-5
ai8rahim,1,0-5
aikinogard,1,0-5
aisha-als,1,0-5
aivision2020,1,0-5
akeshavan,1,0-5
akikuno,1,0-5
sincekmori,1,0-5
akitty,1,0-5
sjackman,1,0-5
alanlivio,1,0-5
skailasa,1,0-5
alanpeixinho,1,0-5
sklearn-ci,1,0-5
skrish13,1,0-5
slackito,1,0-5
slattarini,1,0-5
slishak,1,0-5
alanyee,1,0-5
smedinaw4l,1,0-5
omtarful,1,0-5
albahnsen,1,0-5
smola,1,0-5
alemagnani,1,0-5
alessiamarcolini,1,0-5
snuderl,1,0-5
solegalli,1,0-5
sonnivs,1,0-5
alexandracraciun,1,0-5
sotte,1,0-5
alexanmv,1,0-5
sperret6,1,0-5
alexbrc,1,0-5
alexeygrigorev,1,0-5
sqali,1,0-5
srajanpaliwal,1,0-5
srcole,1,0-5
srinathreddychitteti,1,0-5
alexfields,1,0-5
srthiru,1,0-5
alexgoryainov,1,0-5
ss-is-master-chief,1,0-5
ssaamm,1,0-5
alexloginov,1,0-5
alexmolas,1,0-5
ssktotoro,1,0-5
sstalley,1,0-5
stanleyjs,1,0-5
staple,1,0-5
alexqiao,1,0-5
stareh,1,0-5
alexrudy,1,0-5
algo-circle,1,0-5
algofrancesca,1,0-5
aliddell,1,0-5
alielkassas,1,0-5
allanbutler,1,0-5
step21,1,0-5
allefeld,1,0-5
steph-query,1,0-5
stephanecollot,1,0-5
allenakinkunle,1,0-5
stephendavidmarsh,1,0-5
stes,1,0-5
stestagg,1,0-5
stevekochscience,1,0-5
steven2358,1,0-5
stevendbrown,1,0-5
stevenkolawole,1,0-5
stevetjoa,1,0-5
stevezhang1999,1,0-5
stootoon,1,0-5
almeidayoel,1,0-5
strixcuriosus,1,0-5
stsievert,1,0-5
stuppie,1,0-5
sturlamolden,1,0-5
subrat93,1,0-5
suhasid098,1,0-5
almer-t,1,0-5
surgan12,1,0-5
svenevs,1,0-5
alonsosilvaallende,1,0-5
swapniljha001,1,0-5
swierh,1,0-5
swoh816,1,0-5
swpease,1,0-5
althonos,1,0-5
alvaropp,1,0-5
alvarouc,1,0-5
alxfgh,1,0-5
syonekura,1,0-5
t-jakubek,1,0-5
t-kusanagi,1,0-5
t-lanigan,1,0-5
t-pfaff,1,0-5
tabeak,1,0-5
alyssaq,1,0-5
aman1971,1,0-5
taion,1,0-5
amanp10,1,0-5
talgatomarov,1,0-5
tamesps,1,0-5
tamirlan1,1,0-5
tanjina-hub,1,0-5
taranjeet,1,0-5
tarcusx,1,0-5
tashay,1,0-5
amay1212,1,0-5
taylorkm,1,0-5
tbenjamin-pl,1,0-5
tbonald,1,0-5
tboucher,1,0-5
tdhopper,1,0-5
tejesh0,1,0-5
ameasure,1,0-5
teonbrooks,1,0-5
amferraboli,1,0-5
terrycojones,1,0-5
teunpe,1,0-5
tfolkman,1,0-5
tgsmith61591,1,0-5
ami-GS,1,0-5
th0rwas,1,0-5
amidvidy,1,0-5
the-syd-sre,1,0-5
theavey,1,0-5
thebabush,1,0-5
amitalokbera,1,0-5
thedrow,1,0-5
thehomebrewnerd,1,0-5
amlankar,1,0-5
theofpa,1,0-5
amourav,1,0-5
theotheo,1,0-5
theriley106,1,0-5
thibsej,1,0-5
thijs-vanweezel,1,0-5
thinkcache,1,0-5
thomasjfox,1,0-5
amrcode,1,0-5
analuizaypessoa-zz,1,0-5
tiagofrepereira2012,1,0-5
anamfatima1304,1,0-5
tijanajovanovic,1,0-5
anandt555,1,0-5
timgates42,1,0-5
timnon,1,0-5
timokau,1,0-5
timstaley,1,0-5
anapaulagomes,1,0-5
anashas,1,0-5
tituschristian,1,0-5
andaag,1,0-5
andersk,1,0-5
tliu68,1,0-5
tmct,1,0-5
andreasgrv,1,0-5
andreasvc,1,0-5
andreh7,1,0-5
andreped,1,0-5
tobycheese,1,0-5
andrewcsmith,1,0-5
tom1092,1,0-5
andrewdelong,1,0-5
tomasmoreyra,1,0-5
tomiock,1,0-5
tomlof,1,0-5
tommydino93,1,0-5
andrewgiessel,1,0-5
tongyu0924,1,0-5
tonygeorge1984,1,0-5
top-on,1,0-5
topisan,1,0-5
tpatzelt,1,0-5
tq0,1,0-5
andyscanzio,1,0-5
angela-maennel,1,0-5
angus-lherrou,1,0-5
trewaite,1,0-5
trhughes,1,0-5
trimeta,1,0-5
trishnendu,1,0-5
trujillo9616,1,0-5
tsdlovell,1,0-5
tshauck,1,0-5
aniruddhadave,1,0-5
tsuga,1,0-5
tsukar,1,0-5
ankurankan,1,0-5
annaayzenshtat,1,0-5
tuevo21,1,0-5
annegnx,1,0-5
annejeevan,1,0-5
anonymousr007,1,0-5
tusharparimi,1,0-5
tvdboom,1,0-5
twangnyc,1,0-5
twolodzko,1,0-5
antoinebaker,1,0-5
tylerjereddy,1,0-5
antoinewdg,1,0-5
uatach,1,0-5
uditgt,1,0-5
ufmayer,1,0-5
antquinonez,1,0-5
ulturt,1,0-5
ulupo,1,0-5
anuja-kelkar,1,0-5
anupamshandilya92,1,0-5
aozgaa,1,0-5
vadim-ushtanit,1,0-5
vandana-iyer,1,0-5
arafatkatze,1,0-5
varunjain3,1,0-5
arcAman07,1,0-5
varunshenoy,1,0-5
veeara282,1,0-5
arcolife,1,0-5
ariepratama,1,0-5
arifqodari,1,0-5
venthur,1,0-5
arikpamnani,1,0-5
vermouthmjl,1,0-5
vharavu,1,0-5
arimbr,1,0-5
arokem,1,0-5
viirya,1,0-5
vijethmoudgalya,1,0-5
arpanchowdhry,1,0-5
vinc456,1,0-5
arthurmello,1,0-5
artie93,1,0-5
violetr,1,0-5
virajmavani,1,0-5
virchan,1,0-5
vishaalkapoor,1,0-5
artificialfintelligence,1,0-5
arubiales,1,0-5
vjcitn,1,0-5
vjoshi253,1,0-5
vlasisva,1,0-5
vmarkovtsev,1,0-5
arunavkonwar,1,0-5
vnherdeiro,1,0-5
vnmabus,1,0-5
vpoughon,1,0-5
vqean3,1,0-5
aryamccarthy,1,0-5
as-90,1,0-5
asanakoy,1,0-5
ash211,1,0-5
vvkrddy,1,0-5
w4bo,1,0-5
wadawson,1,0-5
waelbenamara,1,0-5
waijean,1,0-5
walachey,1,0-5
walk-to-work,1,0-5
ashimb9,1,0-5
ashkush,1,0-5
warut-vijit,1,0-5
watchtheblur,1,0-5
ashutosh1919,1,0-5
wattai,1,0-5
wchathura,1,0-5
wconnell,1,0-5
wd60622,1,0-5
asidwell,1,0-5
asishm,1,0-5
weber-s,1,0-5
aufarkari,1,0-5
weijianzz,1,0-5
avidale,1,0-5
welch,1,0-5
avinash-ak,1,0-5
aweinstein,1,0-5
wenh06,1,0-5
wenliwyan,1,0-5
ayanbag,1,0-5
wgyn,1,0-5
while,1,0-5
aycignl,1,0-5
whitews,1,0-5
wildwoodwaltz,1,0-5
will7142,1,0-5
willdarnell,1,0-5
willduan,1,0-5
ayushblaze,1,0-5
baggiponte,1,0-5
windiana42,1,0-5
balodja,1,0-5
wmvanvliet,1,0-5
wolframalpha,1,0-5
baluyotraf,1,0-5
wowry,1,0-5
wyseguy7,1,0-5
x-martian,1,0-5
bangdasun,1,0-5
barankarakus,1,0-5
barberogaston,1,0-5
xhan7279,1,0-5
xi-jiajun,1,0-5
xiaoyuchai,1,0-5
xinyuliu12,1,0-5
xor,1,0-5
barrywhart,1,0-5
bauks,1,0-5
bayethiernodiop,1,0-5
yusufraji,1,0-5
yxiong,1,0-5
yzhenman,1,0-5
zaccharieramzi,1,0-5
zachmayer,1,0-5
yang-zhang,1,0-5
bbuluttekin,1,0-5
zarch,1,0-5
bburns,1,0-5
zaznaczony,1,0-5
bchen1116,1,0-5
bcm-at-zama,1,0-5
zeppe,1,0-5
bdevnani3,1,0-5
bdkearns,1,0-5
zhenfelix,1,0-5
zhengqm,1,0-5
behrouz-bakhtiari,1,0-5
bendavies,1,0-5
zioalex,1,0-5
benjaminp,1,0-5
benjaminwilson,1,0-5
zoj613,1,0-5
benjastudio,1,0-5
zouharvi,1,0-5
ztultrebor,1,0-5
zuggernautt,1,0-5
zxcvbnius,1,0-5
zyrikby,1,0-5
yuki-koyama,1,0-5
Abo7atm,1,0-5
AcylSilane,1,0-5
AdamSpannbauer,1,0-5
AdarshWase,1,0-5
AdityaDaflapurkar,1,0-5
bernhard2202,1,0-5
Ahmedbgh,1,0-5
zacstewart,1,0-5
bertrandhaut,1,0-5
betterenvi,1,0-5
bhoomikamadhukar,1,0-5
Ala-Na,1,0-5
bicycle1885,1,0-5
bioruffo,1,0-5
Alexander-Minyushkin,1,0-5
Alexander-N,1,0-5
bkunde,1,0-5
blakeflei,1,0-5
AlexandreSev,1,0-5
Alexis-IMBERT,1,0-5
blynotes,1,0-5
Alexlandeau,1,0-5
bmaingret,1,0-5
bmalezieux,1,0-5
Anavelyz,1,0-5
bme-git,1,0-5
Andrew-Wang-IB45,1,0-5
Andrew-peng,1,0-5
AndrewWalker,1,0-5
AniketP04,1,0-5
bmgdc,1,0-5
zyv,1,0-5
